,diam_fruta,tipo
0,12.294947522440811,0.0
1,14.376015290212823,0.0
2,14.059503920809266,0.0
3,13.49063266405409,0.0
4,13.847785862337618,0.0
5,11.608933031362714,0.0
6,14.875397142266374,0.0
7,14.762603734534842,0.0
8,11.888741708193377,0.0
9,12.97264820367287,0.0
10,13.602983015739628,0.0
11,16.074365359857236,0.0
12,16.9844033331012,0.0
13,13.261983922665669,0.0
14,13.554932641422631,0.0
15,13.803936612605144,0.0
16,13.660588841175022,0.0
17,12.625736563975543,0.0
18,14.267027403642958,0.0
19,14.218171607014709,0.0
20,14.62808230149557,0.0
21,13.785348733236138,0.0
22,17.321306575318566,0.0
23,12.812136259976253,0.0
24,12.67014502860354,0.0
25,10.808870984766019,0.0
26,14.041896223125129,0.0
27,14.165085327256023,0.0
28,15.076794083101968,0.0
29,11.346651811381772,0.0
30,13.81013504350782,0.0
31,13.203731046492916,0.0
32,14.547521571169355,0.0
33,11.800679424885743,0.0
34,12.472456323586576,0.0
35,11.064094063570057,0.0
36,12.728724982211803,0.0
37,12.921048182206688,0.0
38,15.336436894091928,0.0
39,15.660106728950971,0.0
40,12.405156383062383,0.0
41,15.812586814694132,0.0
42,11.637388982377235,0.0
43,13.519843180539562,0.0
44,13.87222593063596,0.0
45,15.097348215225274,0.0
46,14.38345341314187,0.0
47,12.816183407227472,0.0
48,13.838999088435683,0.0
49,16.85062595974458,0.0
50,14.496691194877497,0.0
51,14.868823560569417,0.0
52,11.007980743076427,0.0
53,13.52036447862935,0.0
54,13.73874217164439,0.0
55,12.850950836108975,0.0
56,9.692056498279069,0.0
57,11.722117022737356,0.0
58,14.475107693999256,0.0
59,11.26496993641779,0.0
60,11.821276124302155,0.0
61,11.752187619118668,0.0
62,14.722221817370402,0.0
63,14.920187354809862,0.0
64,11.529739779181492,0.0
65,11.660690335351715,0.0
66,13.545790106118899,0.0
67,15.04305176587139,0.0
68,12.25952263248638,0.0
69,12.342807433773842,0.0
70,12.924819012469479,0.0
71,12.234272940389557,0.0
72,12.72625916049924,0.0
73,15.2681402496946,0.0
74,15.163333829761486,0.0
75,11.436524968659057,0.0
76,14.94136684021875,0.0
77,13.407431923657251,0.0
78,14.732613982414906,0.0
79,14.874445128153825,0.0
80,15.538393563950715,0.0
81,14.45590572661258,0.0
82,13.899376430494579,0.0
83,12.084503308121164,0.0
84,15.186677738892286,0.0
85,13.173095198661551,0.0
86,13.8963961220031,0.0
87,14.068884672699397,0.0
88,12.047281831334837,0.0
89,11.90586320791068,0.0
90,13.219553114450047,0.0
91,14.858710047515084,0.0
92,14.133392868777072,0.0
93,13.857562159158315,0.0
94,11.175168421051147,0.0
95,13.857493870834128,0.0
96,13.763463374510266,0.0
97,10.632117078832309,0.0
98,15.897041230797544,0.0
99,12.581420450094095,0.0
100,11.785378554102692,0.0
101,12.99813597357965,0.0
102,13.870253377005742,0.0
103,13.762906500134328,0.0
104,13.965592362956743,0.0
105,12.65165463019826,0.0
106,11.644390403537127,0.0
107,14.987201082706743,0.0
108,10.536074749620148,0.0
109,13.702409116467125,0.0
110,14.38107905527076,0.0
111,13.185679444632227,0.0
112,13.907510142782682,0.0
113,13.429657948100301,0.0
114,16.319348806641493,0.0
115,13.765163844103778,0.0
116,12.737027164743802,0.0
117,11.984342126636275,0.0
118,10.532666926479788,0.0
119,11.128016874320586,0.0
120,14.107930005932436,0.0
121,13.269276015287932,0.0
122,13.912114751508064,0.0
123,10.09058694835752,0.0
124,14.246955551953647,0.0
125,11.954645557260612,0.0
126,13.339316762793285,0.0
127,11.295240409605007,0.0
128,11.655952845013596,0.0
129,14.24017747706847,0.0
130,14.124091432123759,0.0
131,12.832323461318659,0.0
132,13.129343622345251,0.0
133,11.822263870290435,0.0
134,15.76384298500032,0.0
135,14.63138041569372,0.0
136,14.149524921940628,0.0
137,15.34829046677249,0.0
138,12.199858061260265,0.0
139,14.132419396370835,0.0
140,12.915159813578768,0.0
141,13.939514680544672,0.0
142,13.31776080610642,0.0
143,14.512676545710473,0.0
144,14.631936448974859,0.0
145,13.510636074171213,0.0
146,15.184711221405212,0.0
147,13.970515127355641,0.0
148,13.943307920666534,0.0
149,13.52014778249909,0.0
150,13.834116066600716,0.0
151,13.77458633004165,0.0
152,13.09686621837049,0.0
153,13.76923136032977,0.0
154,14.054076536625123,0.0
155,14.701446609480932,0.0
156,13.581624624053937,0.0
157,17.211840287378543,0.0
158,13.627101542769742,0.0
159,13.393691170360325,0.0
160,13.445448540749693,0.0
161,10.612515166716257,0.0
162,16.232212549819057,0.0
163,12.844802332183763,0.0
164,14.607631998226688,0.0
165,13.444352945175355,0.0
166,13.405386331253933,0.0
167,13.410600520106398,0.0
168,12.936903699553726,0.0
169,14.037422636979379,0.0
170,15.88050100163715,0.0
171,15.581815437763336,0.0
172,14.15920798851909,0.0
173,13.47264171769179,0.0
174,13.176237100133637,0.0
175,16.03620975339186,0.0
176,15.696518219242535,0.0
177,14.04960688637349,0.0
178,13.192941781249964,0.0
179,13.475957103247275,0.0
180,10.7485847774571,0.0
181,13.327821303204711,0.0
182,11.668781453158095,0.0
183,11.825769085980799,0.0
184,12.468391203110242,0.0
185,14.635237279904285,0.0
186,10.702157974774071,0.0
187,10.6533553528199,0.0
188,11.752057086465966,0.0
189,15.464529598027141,0.0
190,14.513011001009042,0.0
191,12.93632071518167,0.0
192,12.547833225878628,0.0
193,11.620995789904262,0.0
194,15.270155388729922,0.0
195,13.222671789133287,0.0
196,15.413596535038245,0.0
197,17.2538760575249,0.0
198,13.454053723525664,0.0
199,15.800435183565684,0.0
200,14.942750607493876,0.0
201,12.225937195255192,0.0
202,11.288430740617988,0.0
203,15.697376878769445,0.0
204,11.538579783400266,0.0
205,16.278377818072407,0.0
206,13.01880023968928,0.0
207,14.602023615349019,0.0
208,18.013072626294527,0.0
209,9.368465156910283,0.0
210,12.085579667728895,0.0
211,13.50600043542162,0.0
212,15.17344200005463,0.0
213,12.058538950317535,0.0
214,16.31583356423662,0.0
215,13.39563743595689,0.0
216,14.651197562854705,0.0
217,10.96460307162096,0.0
218,15.059345621423551,0.0
219,13.654489431422306,0.0
220,14.019550433973723,0.0
221,14.912404524934908,0.0
222,12.562219308433368,0.0
223,16.066617446024228,0.0
224,15.225543730023137,0.0
225,13.292995183056618,0.0
226,15.497777870866592,0.0
227,13.612615952055975,0.0
228,12.466628052091366,0.0
229,13.390378995465273,0.0
230,16.671491051233442,0.0
231,12.550041709408335,0.0
232,14.325055611148773,0.0
233,12.131291514321415,0.0
234,12.098857045182037,0.0
235,13.89808951464428,0.0
236,14.02321431732132,0.0
237,13.847060170319795,0.0
238,11.458999294224315,0.0
239,13.026254715766381,0.0
240,12.906358032117122,0.0
241,15.285934563366295,0.0
242,11.925797400864628,0.0
243,11.718020045530366,0.0
244,13.999206821604481,0.0
245,13.593446268793965,0.0
246,11.02191161693909,0.0
247,15.211882601601037,0.0
248,13.425766956007486,0.0
249,14.904356174346375,0.0
250,11.56137643777401,0.0
251,13.342488722775196,0.0
252,13.376244672877988,0.0
253,12.096083756474071,0.0
254,12.284147895545381,0.0
255,15.092398233205161,0.0
256,15.966930303799385,0.0
257,13.084717987882504,0.0
258,12.783068979733542,0.0
259,11.090403972891083,0.0
260,13.69994928921508,0.0
261,15.696660126282648,0.0
262,14.841957671025215,0.0
263,13.755195969302191,0.0
264,16.09057175046936,0.0
265,14.693137212338405,0.0
266,13.878479159035466,0.0
267,13.357254808059514,0.0
268,13.366866108069358,0.0
269,16.10146352376453,0.0
270,13.784051010911291,0.0
271,13.272566993445981,0.0
272,12.840205566878213,0.0
273,11.168975722472599,0.0
274,13.563982994922839,0.0
275,13.844473108207707,0.0
276,12.118404861913616,0.0
277,14.737737346841174,0.0
278,14.053222889099382,0.0
279,14.284498545473843,0.0
280,12.43641873858334,0.0
281,15.541448646725565,0.0
282,14.639082175937386,0.0
283,15.81532440932024,0.0
284,14.94996009239901,0.0
285,12.035427046146324,0.0
286,13.088317665142899,0.0
287,16.154447242249233,0.0
288,15.510714380561108,0.0
289,14.719191086874261,0.0
290,13.929511262381974,0.0
291,13.063244085527733,0.0
292,12.425115725195521,0.0
293,14.62967780545464,0.0
294,13.10132158227941,0.0
295,12.476289216790574,0.0
296,13.557097800993144,0.0
297,15.505065208969384,0.0
298,13.242525569000223,0.0
299,14.577528744675472,0.0
300,11.390014300140262,0.0
301,12.44157804455726,0.0
302,10.182922166096201,0.0
303,15.858436535357278,0.0
304,13.934555745067241,0.0
305,13.173888447810949,0.0
306,12.637879922310251,0.0
307,14.813732529540268,0.0
308,13.532650476614796,0.0
309,12.993325756688945,0.0
310,12.388381441489809,0.0
311,16.21894173481788,0.0
312,15.911847891627046,0.0
313,11.695262231338532,0.0
314,13.09701329834832,0.0
315,11.920697128032984,0.0
316,16.383474388877346,0.0
317,13.43661767881258,0.0
318,13.577952650064985,0.0
319,14.066452522989481,0.0
320,11.539412222062428,0.0
321,12.157938652181047,0.0
322,16.09519216923501,0.0
323,14.819650996989225,0.0
324,14.867466932132956,0.0
325,12.565386320107606,0.0
326,10.968156974541126,0.0
327,11.122548444784401,0.0
328,16.503926067638112,0.0
329,14.134214660745274,0.0
330,16.06158488003272,0.0
331,13.181368807279414,0.0
332,14.079966940236517,0.0
333,11.115023408086005,0.0
334,12.235756924360437,0.0
335,16.96909755270572,0.0
336,15.141536609549007,0.0
337,15.400730272908772,0.0
338,14.292311864370115,0.0
339,12.178309006138937,0.0
340,16.077503547255215,0.0
341,13.89448496176359,0.0
342,12.600697028209916,0.0
343,15.279311980239221,0.0
344,12.932690248958416,0.0
345,11.993897835175325,0.0
346,16.729190929663474,0.0
347,10.817771646970712,0.0
348,14.230297751074703,0.0
349,13.03278226545536,0.0
350,12.755655643405575,0.0
351,14.044401754464404,0.0
352,12.470021773617868,0.0
353,12.904945702602905,0.0
354,14.562736539217294,0.0
355,16.854253443526165,0.0
356,12.500551340172326,0.0
357,13.753424767072758,0.0
358,17.82655648285487,0.0
359,10.358711400579534,0.0
360,12.628749724492918,0.0
361,11.575171346117415,0.0
362,12.570999879957691,0.0
363,13.677808517317558,0.0
364,11.65940452303968,0.0
365,11.865081094746905,0.0
366,9.567255513655617,0.0
367,10.240416912741942,0.0
368,14.5881284267827,0.0
369,14.0332849109076,0.0
370,12.116781847757572,0.0
371,12.614657871042654,0.0
372,12.793954767459775,0.0
373,16.151308734260056,0.0
374,11.490337217739455,0.0
375,14.775016344510263,0.0
376,14.385086312985765,0.0
377,14.44866431407977,0.0
378,11.945177648606442,0.0
379,13.358923449299807,0.0
380,15.153234474688885,0.0
381,15.250112405725943,0.0
382,14.75619434476586,0.0
383,9.77079510302542,0.0
384,14.045036208197315,0.0
385,13.451285180096225,0.0
386,12.626358097277409,0.0
387,13.095094308071973,0.0
388,13.489345736093226,0.0
389,15.855969005443725,0.0
390,13.449349175775238,0.0
391,11.649042230773192,0.0
392,14.35687264936132,0.0
393,13.82341988297915,0.0
394,13.610531591527108,0.0
395,15.22768218726224,0.0
396,14.034398005585338,0.0
397,13.154781924640018,0.0
398,13.658948171573831,0.0
399,15.701408162695596,0.0
400,11.831737894317117,0.0
401,14.993605965656709,0.0
402,12.64129764013586,0.0
403,14.272827246337076,0.0
404,14.19287476006583,0.0
405,14.344329413022084,0.0
406,14.035779815928894,0.0
407,14.124759219052827,0.0
408,11.631758016337873,0.0
409,17.5277150261643,0.0
410,16.91214199621867,0.0
411,11.866091588165204,0.0
412,14.140809276480365,0.0
413,13.291142339966555,0.0
414,15.292187101271868,0.0
415,13.025032066749962,0.0
416,13.44438214056569,0.0
417,14.027376530255108,0.0
418,12.698296480527418,0.0
419,12.764574300105778,0.0
420,11.763288151620149,0.0
421,14.460947951648642,0.0
422,12.096260889430216,0.0
423,11.796960749100805,0.0
424,11.394971839811017,0.0
425,13.276169656502859,0.0
426,11.61208076617812,0.0
427,14.570120573998695,0.0
428,14.01601633700636,0.0
429,8.667518777585478,0.0
430,12.909980912694401,0.0
431,13.798871518723733,0.0
432,11.29511328640935,0.0
433,14.220629399805553,0.0
434,15.21104277229388,0.0
435,12.693187120672393,0.0
436,15.782729068272111,0.0
437,11.93417801030966,0.0
438,11.070176318612354,0.0
439,14.07283048164603,0.0
440,14.894799480949521,0.0
441,14.447852657766427,0.0
442,16.479697195535206,0.0
443,12.0692299220875,0.0
444,13.453174102839155,0.0
445,12.20803247803946,0.0
446,16.508103539214417,0.0
447,12.528579813967141,0.0
448,13.066117854086373,0.0
449,13.085021905090517,0.0
450,10.674253029832363,0.0
451,13.563273058703574,0.0
452,14.87795839692293,0.0
453,12.919208025291994,0.0
454,13.867621575411249,0.0
455,12.208444666316684,0.0
456,12.833962635975597,0.0
457,13.999706807278555,0.0
458,14.110071239697028,0.0
459,14.350160291506526,0.0
460,13.216196326488548,0.0
461,13.58168855750684,0.0
462,13.817903808340612,0.0
463,10.197605447310401,0.0
464,15.472975035549188,0.0
465,13.45714786751041,0.0
466,13.40027180683858,0.0
467,13.363555529386439,0.0
468,13.02398015712286,0.0
469,12.847873632122326,0.0
470,11.318202828980738,0.0
471,13.073755273310548,0.0
472,14.285998460804471,0.0
473,15.183888537067093,0.0
474,12.49310646292957,0.0
475,15.869136127555592,0.0
476,13.548433268447887,0.0
477,16.006675376180606,0.0
478,12.460073700170927,0.0
479,10.854867801511976,0.0
480,11.940485519152915,0.0
481,12.249437246568426,0.0
482,11.838111846567358,0.0
483,14.071371055191927,0.0
484,12.672607778825203,0.0
485,11.92020896341569,0.0
486,14.127327220341543,0.0
487,13.044756672504928,0.0
488,11.970779561910154,0.0
489,11.5573414438207,0.0
490,15.650633517842905,0.0
491,13.053352999469972,0.0
492,15.14200947688311,0.0
493,13.142455455672962,0.0
494,14.42411333878897,0.0
495,14.873069200539717,0.0
496,13.246981559279956,0.0
497,12.00692855354126,0.0
498,13.091027142379476,0.0
499,10.886781186243017,0.0
500,11.56257093087151,0.0
501,13.566444806617799,0.0
502,12.137969268868158,0.0
503,12.55609278392682,0.0
504,13.204150232499895,0.0
505,12.489535860216055,0.0
506,15.956081436421158,0.0
507,15.387353414411105,0.0
508,14.030605038220353,0.0
509,9.919729300482928,0.0
510,13.45991147287642,0.0
511,16.00881238085723,0.0
512,15.240558490836296,0.0
513,11.911587052594822,0.0
514,11.83343512558761,0.0
515,14.014889877779542,0.0
516,16.40861244455529,0.0
517,11.497684411731852,0.0
518,14.87315829563462,0.0
519,14.393791573990892,0.0
520,11.15902566518344,0.0
521,14.045343210212282,0.0
522,14.029536614617568,0.0
523,15.735049757218956,0.0
524,13.341036926364069,0.0
525,13.279888881949217,0.0
526,12.934818311871853,0.0
527,15.797361619685361,0.0
528,13.1786208786097,0.0
529,11.8273867162786,0.0
530,15.968842435143618,0.0
531,13.35358771951422,0.0
532,12.45552189389009,0.0
533,13.40612756110478,0.0
534,13.502449427189381,0.0
535,14.245511202313143,0.0
536,14.999112415494254,0.0
537,15.82808652461625,0.0
538,12.196259754559943,0.0
539,13.890376615388208,0.0
540,11.079029327068412,0.0
541,11.58213005281124,0.0
542,12.550916117658048,0.0
543,13.554538629499708,0.0
544,11.811924783783102,0.0
545,12.710537809694255,0.0
546,12.956640713900912,0.0
547,16.852287020290944,0.0
548,11.72069429502551,0.0
549,15.903753054853247,0.0
550,13.496277366196148,0.0
551,12.344091777439381,0.0
552,15.287621514248952,0.0
553,14.910636554315262,0.0
554,13.046672805570683,0.0
555,16.597050637086618,0.0
556,10.618593707507355,0.0
557,14.188400365356514,0.0
558,13.254526500335439,0.0
559,13.82517276783481,0.0
560,12.983380786294099,0.0
561,15.667562988697762,0.0
562,11.889285797000323,0.0
563,11.214726596284471,0.0
564,11.960090858640466,0.0
565,15.589858268135771,0.0
566,12.82509154727616,0.0
567,13.541368425390113,0.0
568,12.77675869368977,0.0
569,16.384351600337936,0.0
570,15.831900726488596,0.0
571,11.557119584444258,0.0
572,15.070450573403898,0.0
573,13.206046882498626,0.0
574,12.79246150784361,0.0
575,13.854232534888357,0.0
576,13.160213772793684,0.0
577,13.585624367339395,0.0
578,16.514858658058067,0.0
579,15.137969595108279,0.0
580,13.69206571115753,0.0
581,14.726431640404599,0.0
582,15.970926439333704,0.0
583,12.561409547152058,0.0
584,14.009979875914599,0.0
585,11.632997863780252,0.0
586,13.205225843742673,0.0
587,10.610964364067986,0.0
588,13.069262073324742,0.0
589,12.801167368431893,0.0
590,15.208352699506074,0.0
591,14.843396883037114,0.0
592,14.067776449187235,0.0
593,15.89852895853793,0.0
594,13.14909486978997,0.0
595,13.790775649848648,0.0
596,15.126553042406478,0.0
597,11.650702903406833,0.0
598,13.63614274321498,0.0
599,13.54734304597965,0.0
600,12.282966319687878,0.0
601,13.026187536315199,0.0
602,13.531060752234488,0.0
603,12.467569492339297,0.0
604,13.508151558644352,0.0
605,13.884059695277932,0.0
606,13.2670178220427,0.0
607,13.004861081190732,0.0
608,12.743025344994907,0.0
609,14.9740505966663,0.0
610,12.940117085343635,0.0
611,13.318684605854934,0.0
612,14.186693709863054,0.0
613,13.146882729589363,0.0
614,11.891118013168285,0.0
615,13.69344282647851,0.0
616,12.092294216024461,0.0
617,12.067744910409921,0.0
618,13.638214844246662,0.0
619,16.539865000210252,0.0
620,12.148441140104575,0.0
621,14.51166945863719,0.0
622,15.256194548527809,0.0
623,11.815306345228121,0.0
624,14.314541346829845,0.0
625,10.858531310243013,0.0
626,13.44668751590989,0.0
627,16.964406734149946,0.0
628,12.811937622437942,0.0
629,11.521021856392268,0.0
630,15.994761216651998,0.0
631,16.315802058436706,0.0
632,14.315424246913592,0.0
633,13.603744113054395,0.0
634,11.844233546269274,0.0
635,12.289000560002599,0.0
636,13.279441780957072,0.0
637,15.246581091127952,0.0
638,12.687749107233962,0.0
639,13.487036230139637,0.0
640,15.03024827669599,0.0
641,12.452677377817805,0.0
642,11.918376891976735,0.0
643,14.502209230572062,0.0
644,11.810299877359318,0.0
645,13.671881831957371,0.0
646,11.172490135378093,0.0
647,14.458019405242661,0.0
648,14.142147522971069,0.0
649,14.782080154895755,0.0
650,11.160532202932897,0.0
651,15.758528438033494,0.0
652,14.885583221706742,0.0
653,13.105887927105373,0.0
654,13.845481530787254,0.0
655,15.48234745330843,0.0
656,13.378110453762782,0.0
657,13.030062382681304,0.0
658,15.691520679836703,0.0
659,14.271053786462941,0.0
660,14.669503749098645,0.0
661,10.167967536004607,0.0
662,13.41664851749773,0.0
663,12.552099141744645,0.0
664,12.792485734867082,0.0
665,12.097954242971111,0.0
666,14.557602106918605,0.0
667,15.965935794699334,0.0
668,12.075709430004883,0.0
669,14.149798829229473,0.0
670,13.318217301321306,0.0
671,12.440335044520639,0.0
672,12.394868337237234,0.0
673,13.605923928386968,0.0
674,13.251895560281811,0.0
675,12.474999459354672,0.0
676,10.669065549699456,0.0
677,13.614986264305495,0.0
678,18.933674132229378,0.0
679,11.773346605010287,0.0
680,15.961008107000005,0.0
681,15.909527770878606,0.0
682,13.343562288689776,0.0
683,13.297666666835235,0.0
684,13.49490040275146,0.0
685,13.788300820515806,0.0
686,11.495821423855258,0.0
687,14.81277272684404,0.0
688,15.638840538519258,0.0
689,12.48063056623791,0.0
690,14.647131244482148,0.0
691,12.603685121618097,0.0
692,13.044387366025077,0.0
693,14.727305891370268,0.0
694,12.197976581341353,0.0
695,14.736513444769388,0.0
696,14.025837946088355,0.0
697,12.083745061458439,0.0
698,13.346584401092509,0.0
699,14.802410716922264,0.0
700,12.953939209691853,0.0
701,15.19185592171899,0.0
702,14.707628935467252,0.0
703,16.570284808668813,0.0
704,11.753541278244022,0.0
705,13.946006387044795,0.0
706,12.885243172292784,0.0
707,14.835632979842067,0.0
708,12.728469331664746,0.0
709,14.50069903390094,0.0
710,12.752342155900068,0.0
711,13.531470668303346,0.0
712,13.255761645692294,0.0
713,13.979815342997144,0.0
714,14.266715427344197,0.0
715,12.790490605255979,0.0
716,13.205614851367063,0.0
717,13.51677607419659,0.0
718,10.17907830080053,0.0
719,13.509975362495723,0.0
720,14.55079626691887,0.0
721,15.47229768374672,0.0
722,14.052863523425735,0.0
723,13.314880262995489,0.0
724,13.54827301795842,0.0
725,13.67586128970601,0.0
726,13.389643275015693,0.0
727,16.997665511639898,0.0
728,14.185328593233976,0.0
729,14.009855003159842,0.0
730,13.142055251637535,0.0
731,14.343211116180683,0.0
732,12.89348869804672,0.0
733,12.877643701002999,0.0
734,13.197652617675258,0.0
735,12.712239990178459,0.0
736,9.224855897950029,0.0
737,14.206721548073297,0.0
738,16.07062367112488,0.0
739,12.570923674399422,0.0
740,11.868946966915079,0.0
741,15.053146425074996,0.0
742,13.69565456563174,0.0
743,13.137568472891965,0.0
744,11.866897544800125,0.0
745,13.39659700571515,0.0
746,14.733245572152693,0.0
747,13.06653005312244,0.0
748,10.88471535900792,0.0
749,14.305285806130414,0.0
750,15.58333090830471,0.0
751,15.566945765686901,0.0
752,12.14980038267882,0.0
753,13.563857014141796,0.0
754,14.366328382986657,0.0
755,15.659669978382967,0.0
756,11.494513865887425,0.0
757,14.63067811800394,0.0
758,11.770431007210949,0.0
759,14.188145565142971,0.0
760,12.62064156093554,0.0
761,14.07099767745543,0.0
762,12.315301131763023,0.0
763,13.265385920133497,0.0
764,12.170306143008577,0.0
765,13.389058514487619,0.0
766,12.548500796717917,0.0
767,13.960252011961717,0.0
768,14.172943477993117,0.0
769,10.337523544644412,0.0
770,13.520932079391404,0.0
771,12.608706201292438,0.0
772,15.174199464610988,0.0
773,12.660793150599847,0.0
774,13.449691819120952,0.0
775,11.954003935664662,0.0
776,15.740766355290006,0.0
777,13.716659545120296,0.0
778,15.802619984868585,0.0
779,9.994829091277037,0.0
780,11.927729776679431,0.0
781,13.917658603182097,0.0
782,13.228064060643813,0.0
783,12.55584957177397,0.0
784,13.189912525899377,0.0
785,15.557877351585521,0.0
786,15.273920684926722,0.0
787,13.568470302480215,0.0
788,13.80292626312094,0.0
789,13.073553766658588,0.0
790,14.52204095940143,0.0
791,14.28186602571556,0.0
792,12.146920170898955,0.0
793,12.123965540871705,0.0
794,14.386194317087972,0.0
795,12.547208005690953,0.0
796,17.176250917337374,0.0
797,14.399031000719713,0.0
798,12.895244624369267,0.0
799,13.442256767688114,0.0
800,15.924229882150318,0.0
801,10.58359103222787,0.0
802,12.226185218512233,0.0
803,11.350086155702984,0.0
804,11.996966387127008,0.0
805,13.227974397280738,0.0
806,13.17678644759552,0.0
807,14.555940297596276,0.0
808,12.820791136396648,0.0
809,11.243820797987368,0.0
810,12.956306139035162,0.0
811,12.737875563987398,0.0
812,13.633884017361135,0.0
813,14.036619290596542,0.0
814,13.902698743246962,0.0
815,14.22540602607629,0.0
816,13.09170431135225,0.0
817,12.390022322648907,0.0
818,13.648124579090203,0.0
819,13.220150110042388,0.0
820,14.240115691719392,0.0
821,10.633593597172567,0.0
822,12.556590024506296,0.0
823,14.460602392218682,0.0
824,12.780478979177945,0.0
825,14.318940464331735,0.0
826,13.633615638170395,0.0
827,10.71620578325734,0.0
828,14.915347028391643,0.0
829,11.457450623269452,0.0
830,12.98677244495527,0.0
831,14.697741476648305,0.0
832,14.754699269682034,0.0
833,16.813367998894044,0.0
834,11.229680872365417,0.0
835,13.674480311836456,0.0
836,14.529798529751865,0.0
837,12.250680829472422,0.0
838,11.57690941330609,0.0
839,13.622517736841822,0.0
840,13.913572677168322,0.0
841,13.833674160407849,0.0
842,14.610265915376413,0.0
843,13.485620320827083,0.0
844,15.161980010619663,0.0
845,12.721451746305695,0.0
846,11.976176862796656,0.0
847,12.405611569018292,0.0
848,12.635385328544615,0.0
849,12.11787585094351,0.0
850,17.040684041457013,0.0
851,11.752131949547799,0.0
852,13.482783265364812,0.0
853,16.733407970903784,0.0
854,15.1404747751447,0.0
855,15.386044055169132,0.0
856,13.133072200353402,0.0
857,14.793721696431431,0.0
858,12.81454455120985,0.0
859,14.839959259051522,0.0
860,11.48624019302487,0.0
861,15.52528545553537,0.0
862,14.473572793211389,0.0
863,14.67840563475101,0.0
864,15.46186674774283,0.0
865,14.318736411230942,0.0
866,15.772178335669588,0.0
867,12.682262510571372,0.0
868,15.847593689862093,0.0
869,12.838868921300387,0.0
870,14.349175393378339,0.0
871,14.868126283359029,0.0
872,13.591524071134087,0.0
873,11.054673053415396,0.0
874,11.944913547911606,0.0
875,13.16024103757781,0.0
876,14.775845514765004,0.0
877,13.166169220925765,0.0
878,11.94383943069963,0.0
879,13.068286653021126,0.0
880,15.270785038635623,0.0
881,14.284195985311335,0.0
882,14.46942098193616,0.0
883,17.331703565040137,0.0
884,14.16961422516752,0.0
885,16.546562553689725,0.0
886,12.546806219431584,0.0
887,16.12096543399214,0.0
888,12.345853008017942,0.0
889,13.165995996769706,0.0
890,13.852364321828416,0.0
891,13.320511813197733,0.0
892,9.944266589002053,0.0
893,11.889477298656944,0.0
894,16.016276507144667,0.0
895,14.680219672085606,0.0
896,13.635570686331524,0.0
897,12.749449599506361,0.0
898,13.109597797783785,0.0
899,13.133022549297756,0.0
900,12.369019154116879,0.0
901,11.411426951084772,0.0
902,12.096540121184374,0.0
903,17.012439466749335,0.0
904,14.092069483141806,0.0
905,14.773763798999239,0.0
906,12.562343611169307,0.0
907,10.464499168566817,0.0
908,13.549073342344295,0.0
909,14.954604622003735,0.0
910,13.730563741199047,0.0
911,12.064098433071706,0.0
912,14.380334328709708,0.0
913,15.255789743399816,0.0
914,13.957376211218712,0.0
915,13.333496527638058,0.0
916,12.068859077885534,0.0
917,15.006330329576098,0.0
918,12.942251285793427,0.0
919,11.097636581315092,0.0
920,11.163449885750723,0.0
921,16.125104843830222,0.0
922,13.102490814689945,0.0
923,14.412134647535959,0.0
924,15.444030956488024,0.0
925,9.167788255599598,0.0
926,12.459056226619596,0.0
927,13.971237865123925,0.0
928,11.645463015673798,0.0
929,11.642737982528717,0.0
930,15.140118091671185,0.0
931,14.277286402326622,0.0
932,12.44132262558534,0.0
933,15.238814323690775,0.0
934,13.768646523651249,0.0
935,14.149445707576222,0.0
936,14.157048566587733,0.0
937,12.89115898652884,0.0
938,13.750301556194811,0.0
939,12.842415147759315,0.0
940,10.647621555297118,0.0
941,13.28841858489118,0.0
942,11.557624056532553,0.0
943,13.929908391361979,0.0
944,13.739962653470672,0.0
945,15.65749786780445,0.0
946,13.320062621947674,0.0
947,13.067924459513467,0.0
948,12.72723593460092,0.0
949,12.707807607162941,0.0
950,12.371966463810887,0.0
951,13.471483535969364,0.0
952,14.956369206112676,0.0
953,10.873067722271621,0.0
954,13.868574167794566,0.0
955,12.247963768679586,0.0
956,15.94668717210711,0.0
957,12.594715160035646,0.0
958,16.75415607651937,0.0
959,12.470001314324925,0.0
960,15.240801701679997,0.0
961,11.998255902582155,0.0
962,13.709829900146552,0.0
963,14.01519389597207,0.0
964,10.750686475034225,0.0
965,16.001186038979945,0.0
966,13.145839556512156,0.0
967,14.747312083145038,0.0
968,14.644976912148326,0.0
969,12.461540752112676,0.0
970,14.703350259091037,0.0
971,14.300425639530655,0.0
972,12.717234883170429,0.0
973,14.86369981457688,0.0
974,14.33838565262721,0.0
975,11.41647601213985,0.0
976,10.456357168483077,0.0
977,14.807849437709644,0.0
978,13.781757912013287,0.0
979,15.178422704182216,0.0
980,12.798232000455435,0.0
981,11.65673389827011,0.0
982,12.860697229588213,0.0
983,12.423906435462035,0.0
984,13.059537434584717,0.0
985,13.174014720624637,0.0
986,13.069241557185862,0.0
987,12.408948701070093,0.0
988,15.11670729736554,0.0
989,13.736864035516833,0.0
990,14.712383110785487,0.0
991,13.161491451293573,0.0
992,11.481309679981774,0.0
993,12.769707717469974,0.0
994,14.2957784937476,0.0
995,14.28073176964511,0.0
996,11.827360195570938,0.0
997,14.939151102800427,0.0
998,12.86741113013724,0.0
999,12.163043353381303,0.0
1000,16.380389298687703,1.0
1001,17.96614474832511,1.0
1002,15.877284454193896,1.0
1003,15.186935820259107,1.0
1004,17.768502495224144,1.0
1005,17.84644670657226,1.0
1006,15.808028704036001,1.0
1007,15.085452489190459,1.0
1008,13.564710511260893,1.0
1009,17.804248688836324,1.0
1010,19.290967515442993,1.0
1011,14.022557769243987,1.0
1012,16.371609828058027,1.0
1013,16.023734520220188,1.0
1014,15.198712989932872,1.0
1015,15.225595884040672,1.0
1016,13.9379766538666,1.0
1017,17.05838430585715,1.0
1018,15.337631413431067,1.0
1019,16.163188399365,1.0
1020,18.9052375760275,1.0
1021,14.7438827919445,1.0
1022,15.828837960917772,1.0
1023,16.811437818008965,1.0
1024,16.110108277251644,1.0
1025,20.440708542676745,1.0
1026,18.96287816727169,1.0
1027,15.221287328776087,1.0
1028,18.4256832742731,1.0
1029,17.4548797430959,1.0
1030,14.596748289963061,1.0
1031,18.965724327244878,1.0
1032,17.913909130663754,1.0
1033,12.649472695873701,1.0
1034,15.310946570020544,1.0
1035,15.483153163995595,1.0
1036,17.860420462626525,1.0
1037,16.286004731282755,1.0
1038,15.692457268888298,1.0
1039,15.902042574901971,1.0
1040,18.438180182398394,1.0
1041,17.029438039937634,1.0
1042,16.050006068109084,1.0
1043,17.91815746596301,1.0
1044,16.410882240936264,1.0
1045,20.001648908599684,1.0
1046,17.4763819473985,1.0
1047,16.55696179438514,1.0
1048,15.992001700965933,1.0
1049,19.081308604512966,1.0
1050,15.895667624704839,1.0
1051,16.17473630995326,1.0
1052,16.568820244846993,1.0
1053,16.44241579066678,1.0
1054,16.26137906926152,1.0
1055,15.525406036097309,1.0
1056,17.909615303823838,1.0
1057,17.487738438514977,1.0
1058,15.41350740700477,1.0
1059,16.38357988761806,1.0
1060,16.96152609078045,1.0
1061,16.327483453377802,1.0
1062,18.55941877391761,1.0
1063,17.553695077836597,1.0
1064,15.121329196464957,1.0
1065,16.16814412262225,1.0
1066,17.39032561976098,1.0
1067,17.335062493903976,1.0
1068,14.695842054870326,1.0
1069,15.591539442209227,1.0
1070,16.40613964965491,1.0
1071,17.140067178540477,1.0
1072,16.386601467508715,1.0
1073,16.59518196388099,1.0
1074,15.638334185947535,1.0
1075,17.769631302237944,1.0
1076,17.097972683804226,1.0
1077,17.3529671844553,1.0
1078,15.715172486367464,1.0
1079,15.013112206344204,1.0
1080,18.476717514897263,1.0
1081,18.090553247192442,1.0
1082,15.246021416682009,1.0
1083,16.521852808483107,1.0
1084,17.08629354693913,1.0
1085,18.057996983468314,1.0
1086,18.02598702179777,1.0
1087,15.587125518678002,1.0
1088,17.47651343534095,1.0
1089,16.116613710219248,1.0
1090,13.984489137665271,1.0
1091,17.774578808024373,1.0
1092,19.39407002453815,1.0
1093,16.13240629407858,1.0
1094,16.99743668416482,1.0
1095,15.189365172907472,1.0
1096,16.560048062394674,1.0
1097,18.054890225309975,1.0
1098,18.210472387086256,1.0
1099,17.280526324672184,1.0
1100,14.4203487265052,1.0
1101,15.701730787782665,1.0
1102,18.497734947719923,1.0
1103,17.755790834594222,1.0
1104,16.64710824900912,1.0
1105,16.05532632380407,1.0
1106,14.909922964287972,1.0
1107,18.59561668067507,1.0
1108,17.416885842439896,1.0
1109,18.01337484730077,1.0
1110,16.004512288787044,1.0
1111,20.36718464122271,1.0
1112,16.05874945956297,1.0
1113,17.821117098049108,1.0
1114,15.322639982058709,1.0
1115,17.948252893505558,1.0
1116,14.268286132478723,1.0
1117,17.507630683303404,1.0
1118,17.207152807978282,1.0
1119,16.555034248002613,1.0
1120,17.543969280564397,1.0
1121,18.49345009883132,1.0
1122,15.416554307316476,1.0
1123,18.168028518051514,1.0
1124,18.082869591362964,1.0
1125,16.265002873058073,1.0
1126,14.44246663250849,1.0
1127,15.554214554641703,1.0
1128,16.69319616220902,1.0
1129,16.470977024837804,1.0
1130,15.152667644967645,1.0
1131,17.253162434090694,1.0
1132,17.073266077910606,1.0
1133,17.211092882841555,1.0
1134,16.42697290057062,1.0
1135,15.781374871905697,1.0
1136,17.037270070904313,1.0
1137,14.745497148916668,1.0
1138,15.835124169805633,1.0
1139,15.98990362356727,1.0
1140,17.532691965235955,1.0
1141,18.708292934530114,1.0
1142,15.476573452269296,1.0
1143,16.541812612086662,1.0
1144,17.383006660189103,1.0
1145,16.99267826048398,1.0
1146,15.651211781832032,1.0
1147,20.191395114276162,1.0
1148,14.677513393552601,1.0
1149,16.74829974408157,1.0
1150,16.199546022544666,1.0
1151,13.569678078273082,1.0
1152,13.200784255910937,1.0
1153,17.071172284283353,1.0
1154,18.03010885674806,1.0
1155,16.90270942007514,1.0
1156,18.555420177850415,1.0
1157,14.887003295223636,1.0
1158,16.072282368357797,1.0
1159,13.450547112525099,1.0
1160,19.361024893806807,1.0
1161,17.287116464115783,1.0
1162,17.680627067534044,1.0
1163,17.22704335283919,1.0
1164,18.345749118892527,1.0
1165,16.241623300741615,1.0
1166,16.902846473788102,1.0
1167,16.79220815570131,1.0
1168,13.19859524255671,1.0
1169,18.81251683570791,1.0
1170,17.879529270706293,1.0
1171,16.81029477595585,1.0
1172,17.413577619178287,1.0
1173,15.422063535638465,1.0
1174,17.172402430938526,1.0
1175,15.517507778995691,1.0
1176,16.826849568958536,1.0
1177,15.86131871072546,1.0
1178,16.0449642790567,1.0
1179,15.192001198962544,1.0
1180,14.04607048496569,1.0
1181,15.1190669222398,1.0
1182,15.369826574324453,1.0
1183,17.857536497659993,1.0
1184,14.583980557928253,1.0
1185,15.899544054990546,1.0
1186,13.956358703917985,1.0
1187,17.273329055413967,1.0
1188,15.859754525956465,1.0
1189,15.365804367884218,1.0
1190,14.84434526272309,1.0
1191,16.94884326722274,1.0
1192,15.890213096148932,1.0
1193,19.87843502579537,1.0
1194,20.766163334493175,1.0
1195,17.498554816781137,1.0
1196,11.717364525814213,1.0
1197,15.987408209481053,1.0
1198,17.234169865739233,1.0
1199,14.492761690555302,1.0
1200,16.87730860460767,1.0
1201,14.750840111363992,1.0
1202,18.152363966753274,1.0
1203,17.020928778526365,1.0
1204,14.261113700677868,1.0
1205,16.693941674341925,1.0
1206,16.155529630899878,1.0
1207,17.261020291720243,1.0
1208,18.84853915088312,1.0
1209,17.251157700207752,1.0
1210,16.391504736601107,1.0
1211,18.553871563047338,1.0
1212,17.37872261213354,1.0
1213,16.343579819654902,1.0
1214,19.873273453546027,1.0
1215,16.29423934277708,1.0
1216,15.80736208785402,1.0
1217,15.82256804699158,1.0
1218,17.615861100179888,1.0
1219,17.037291890070012,1.0
1220,16.04694870637712,1.0
1221,15.811604443546033,1.0
1222,14.276704425396408,1.0
1223,17.44779934021128,1.0
1224,12.487973981164828,1.0
1225,16.697681048930267,1.0
1226,16.71980512532953,1.0
1227,15.880946843860198,1.0
1228,15.96433481816048,1.0
1229,16.66950089269901,1.0
1230,16.301171217008566,1.0
1231,17.67394154144057,1.0
1232,16.269899265754944,1.0
1233,17.49663576286214,1.0
1234,17.38059945468181,1.0
1235,17.514523880863422,1.0
1236,13.696941324163925,1.0
1237,17.197369256110964,1.0
1238,18.206669501914668,1.0
1239,16.709850415675728,1.0
1240,18.299848899522075,1.0
1241,15.996370367710227,1.0
1242,18.11452869587424,1.0
1243,18.270638566854302,1.0
1244,17.183424576490687,1.0
1245,16.926665932381518,1.0
1246,17.303157284996708,1.0
1247,15.358821952312208,1.0
1248,17.243855182345314,1.0
1249,18.485715978049864,1.0
1250,15.274245737353787,1.0
1251,16.740823996780733,1.0
1252,18.254822791675114,1.0
1253,15.232066198028857,1.0
1254,16.88069743841743,1.0
1255,13.12555854776988,1.0
1256,15.921858976776111,1.0
1257,17.101254752743912,1.0
1258,17.95688766725673,1.0
1259,18.149962460678537,1.0
1260,17.488575396554115,1.0
1261,18.16681283881961,1.0
1262,16.339249248254255,1.0
1263,15.560565095862856,1.0
1264,16.035564680546592,1.0
1265,16.954370907693935,1.0
1266,14.69810978456752,1.0
1267,14.840697935182877,1.0
1268,19.45413997575555,1.0
1269,17.134737092885697,1.0
1270,16.851651834277696,1.0
1271,14.000132087017338,1.0
1272,16.139694156954516,1.0
1273,19.366826704428348,1.0
1274,15.631076231660487,1.0
1275,13.08998527288838,1.0
1276,18.070017794894838,1.0
1277,13.588401020474558,1.0
1278,14.176465989248623,1.0
1279,15.611306145653387,1.0
1280,18.64455339446809,1.0
1281,18.07534833721262,1.0
1282,17.94439568244218,1.0
1283,17.01203414002378,1.0
1284,16.338747479780313,1.0
1285,16.212805828587324,1.0
1286,17.203579974619515,1.0
1287,19.512199051978715,1.0
1288,16.0453956056585,1.0
1289,14.152443168722307,1.0
1290,18.210414915075326,1.0
1291,17.262068804245068,1.0
1292,15.780773282475236,1.0
1293,17.73526290556496,1.0
1294,15.402276947753924,1.0
1295,15.466163182757626,1.0
1296,16.567211729928406,1.0
1297,14.692575438138315,1.0
1298,17.064800814967516,1.0
1299,16.717480725964837,1.0
1300,17.188112996889565,1.0
1301,16.19280045928264,1.0
1302,15.465706211491758,1.0
1303,19.028354980099785,1.0
1304,17.326909974793914,1.0
1305,14.655431747298794,1.0
1306,15.182710159323474,1.0
1307,14.918763413097572,1.0
1308,14.93101805579497,1.0
1309,18.189600719324936,1.0
1310,16.55120851746111,1.0
1311,17.293839298733076,1.0
1312,12.54573196343627,1.0
1313,18.72769792797988,1.0
1314,15.16945160458572,1.0
1315,17.1772499136986,1.0
1316,16.892803843708933,1.0
1317,18.152599887241646,1.0
1318,16.612874145277537,1.0
1319,15.169302696802102,1.0
1320,16.737866636997172,1.0
1321,18.220795842459143,1.0
1322,16.578778128159527,1.0
1323,16.955848759933776,1.0
1324,17.363915474555892,1.0
1325,16.610269052239257,1.0
1326,15.87268611253326,1.0
1327,19.145333837531943,1.0
1328,15.89279926939747,1.0
1329,16.381181225003832,1.0
1330,17.26476209005488,1.0
1331,15.842683117238977,1.0
1332,14.586259101422502,1.0
1333,17.901809399578067,1.0
1334,17.26578582240044,1.0
1335,18.42452997314964,1.0
1336,16.855765692638393,1.0
1337,15.032411625036747,1.0
1338,15.330078056137904,1.0
1339,15.885044978133495,1.0
1340,15.912813853049022,1.0
1341,15.558919354809438,1.0
1342,14.744452372447334,1.0
1343,19.262759681204187,1.0
1344,16.669621823560263,1.0
1345,17.44955032285458,1.0
1346,15.743092558935126,1.0
1347,17.525551776496695,1.0
1348,18.231334958011477,1.0
1349,18.7446811933633,1.0
1350,15.262677519997933,1.0
1351,16.886997721007553,1.0
1352,16.90444685129756,1.0
1353,20.87073743378898,1.0
1354,15.996992151774158,1.0
1355,17.794580697143736,1.0
1356,16.13733197783977,1.0
1357,16.50566148295828,1.0
1358,18.38782552313416,1.0
1359,15.555737979440766,1.0
1360,17.395161652676105,1.0
1361,14.448990598212447,1.0
1362,15.46798086938593,1.0
1363,14.470767926877103,1.0
1364,16.463599317033,1.0
1365,16.95801172857483,1.0
1366,15.447858369064031,1.0
1367,17.054957942366578,1.0
1368,18.883514575545973,1.0
1369,16.84851037415019,1.0
1370,17.774178532892762,1.0
1371,16.349837173373466,1.0
1372,15.471500991425927,1.0
1373,17.714147621373012,1.0
1374,17.323642923071663,1.0
1375,18.07898496621364,1.0
1376,16.215780377822654,1.0
1377,13.193891944842203,1.0
1378,16.40954766266634,1.0
1379,14.83544196055281,1.0
1380,18.12358409416955,1.0
1381,17.594674757140087,1.0
1382,15.078859829363292,1.0
1383,19.194985513838226,1.0
1384,16.44808990994964,1.0
1385,15.094716404675815,1.0
1386,16.777035686114363,1.0
1387,17.400969678190087,1.0
1388,14.69925926508928,1.0
1389,16.51379269169866,1.0
1390,15.509279859158024,1.0
1391,18.540931900673698,1.0
1392,14.38624094885615,1.0
1393,16.418608767633774,1.0
1394,16.396119764659478,1.0
1395,16.029070558994196,1.0
1396,16.692772311936025,1.0
1397,17.56194388362772,1.0
1398,17.635073629542696,1.0
1399,16.22228713302224,1.0
1400,16.159345479230023,1.0
1401,15.343241205062078,1.0
1402,17.3021519187856,1.0
1403,18.880387294136668,1.0
1404,17.939035101070452,1.0
1405,16.937667439215346,1.0
1406,16.23184697969396,1.0
1407,15.7778101277887,1.0
1408,17.64167300074616,1.0
1409,16.25771836970128,1.0
1410,15.930006744885766,1.0
1411,17.62798946607448,1.0
1412,15.556904550850316,1.0
1413,15.326406065600443,1.0
1414,17.260099378703732,1.0
1415,14.199723995703309,1.0
1416,14.35058847403332,1.0
1417,16.14362210393443,1.0
1418,16.951473644701142,1.0
1419,14.842607852909845,1.0
1420,16.421820276397558,1.0
1421,16.629565740916654,1.0
1422,15.980857054908162,1.0
1423,15.639669131703236,1.0
1424,15.259694697040254,1.0
1425,17.86381526617288,1.0
1426,15.61686855470116,1.0
1427,17.968741421959233,1.0
1428,17.61972417279752,1.0
1429,15.854792635970002,1.0
1430,17.918984602333705,1.0
1431,14.223682221915029,1.0
1432,18.89170207076448,1.0
1433,14.098043658573625,1.0
1434,16.377757746928097,1.0
1435,16.983704178406064,1.0
1436,15.576150994518468,1.0
1437,15.861128850957131,1.0
1438,17.055083844856924,1.0
1439,20.76224743893282,1.0
1440,16.783365925119963,1.0
1441,17.690229606316336,1.0
1442,16.105869554716953,1.0
1443,17.923198651213895,1.0
1444,19.433065358322196,1.0
1445,16.49713488593038,1.0
1446,16.494617304995128,1.0
1447,14.650387712520212,1.0
1448,17.33818208176535,1.0
1449,18.48898519602475,1.0
1450,16.151178596380888,1.0
1451,14.518560675143888,1.0
1452,19.75678035308115,1.0
1453,15.556481837201517,1.0
1454,17.982431191541824,1.0
1455,17.590407015821352,1.0
1456,17.363448084645256,1.0
1457,19.400250171435232,1.0
1458,16.089111076162762,1.0
1459,18.294436508173877,1.0
1460,15.03841896243686,1.0
1461,15.294590942468739,1.0
1462,14.911806415494627,1.0
1463,16.279030406889,1.0
1464,17.16280860419058,1.0
1465,16.328946771647125,1.0
1466,16.31466436323006,1.0
1467,18.502579094220277,1.0
1468,21.10028498003699,1.0
1469,16.890670542390755,1.0
1470,14.890148111229758,1.0
1471,15.524916816201292,1.0
1472,15.54412775407591,1.0
1473,15.220822853592608,1.0
1474,17.719849560530527,1.0
1475,15.522997088088164,1.0
1476,18.56880904820339,1.0
1477,16.66333732203694,1.0
1478,16.409444864030238,1.0
1479,13.890459220056794,1.0
1480,15.630720421508858,1.0
1481,17.951531386570693,1.0
1482,16.497840181436278,1.0
1483,14.928546015637279,1.0
1484,15.257719246484122,1.0
1485,18.316041992080404,1.0
1486,16.75125472669004,1.0
1487,15.87380968896197,1.0
1488,14.022376007214689,1.0
1489,17.65089249259687,1.0
1490,14.236846595267915,1.0
1491,16.92829544088899,1.0
1492,16.032271172615953,1.0
1493,15.121759000722863,1.0
1494,16.717006197287205,1.0
1495,17.86046955244965,1.0
1496,17.937525561602598,1.0
1497,16.26801437165933,1.0
1498,15.533470102131348,1.0
1499,15.623985182450731,1.0
1500,17.43815087590658,1.0
1501,14.811865625895098,1.0
1502,15.688602297700918,1.0
1503,15.212280314298106,1.0
1504,14.38289624722614,1.0
1505,18.43419106113896,1.0
1506,16.489337438869622,1.0
1507,18.569295689030703,1.0
1508,15.807971005093341,1.0
1509,17.8861987566771,1.0
1510,15.740888313780966,1.0
1511,17.195928575751548,1.0
1512,19.25704414262499,1.0
1513,14.882511575168845,1.0
1514,17.387748047560763,1.0
1515,16.17356527805253,1.0
1516,15.374261506790932,1.0
1517,17.931376092838722,1.0
1518,14.321112047849724,1.0
1519,15.252664677284994,1.0
1520,15.490173764796069,1.0
1521,15.369875551675277,1.0
1522,16.561485289393246,1.0
1523,18.024948078619698,1.0
1524,16.49863968709378,1.0
1525,16.371932561873205,1.0
1526,18.86684876027309,1.0
1527,14.812104381173572,1.0
1528,15.703363800847718,1.0
1529,16.732384328072513,1.0
1530,13.842314459894839,1.0
1531,15.24530172858414,1.0
1532,17.07395694556588,1.0
1533,17.87231365013331,1.0
1534,16.33808773896541,1.0
1535,18.536082409270644,1.0
1536,15.461980152652343,1.0
1537,15.703146263753755,1.0
1538,14.666421184431766,1.0
1539,17.040114480738207,1.0
1540,16.45710064818442,1.0
1541,16.085416838138745,1.0
1542,16.691060617632896,1.0
1543,16.788512003861783,1.0
1544,17.804880770799624,1.0
1545,15.77488365545781,1.0
1546,18.42434791089779,1.0
1547,16.34871246725556,1.0
1548,15.512888400814914,1.0
1549,16.810069555478837,1.0
1550,16.719128000079156,1.0
1551,15.937404718007713,1.0
1552,16.635927125791785,1.0
1553,15.303496954673935,1.0
1554,18.268244284402993,1.0
1555,16.320314908120675,1.0
1556,17.520029528452955,1.0
1557,19.49126244611915,1.0
1558,15.011152175907782,1.0
1559,14.472650240325127,1.0
1560,16.423618255364445,1.0
1561,19.772079170908277,1.0
1562,18.572967212331026,1.0
1563,16.86045798129971,1.0
1564,15.815286993840786,1.0
1565,17.203794102846814,1.0
1566,19.859292485770993,1.0
1567,18.33984584883471,1.0
1568,16.776759948793252,1.0
1569,15.633723803874124,1.0
1570,16.516589148197312,1.0
1571,13.045456178950044,1.0
1572,15.601288204131334,1.0
1573,17.619958543624005,1.0
1574,15.368130826927361,1.0
1575,16.432873437991464,1.0
1576,17.848607257160847,1.0
1577,16.385027366249723,1.0
1578,18.070737965046174,1.0
1579,15.99487178819352,1.0
1580,16.219126390115356,1.0
1581,15.002085996748896,1.0
1582,17.704989866409626,1.0
1583,15.717233136601024,1.0
1584,16.99604813565286,1.0
1585,17.410851436367153,1.0
1586,19.944791255610088,1.0
1587,17.506228058167103,1.0
1588,15.978324396622842,1.0
1589,17.855646132429488,1.0
1590,16.767496285488996,1.0
1591,17.061868971425874,1.0
1592,16.209870154735423,1.0
1593,16.91764800195795,1.0
1594,16.737587857119507,1.0
1595,18.49412257327062,1.0
1596,18.827389904393133,1.0
1597,17.23406491179273,1.0
1598,18.345430961867297,1.0
1599,17.043815096273683,1.0
1600,12.782010737482569,1.0
1601,16.19626110570744,1.0
1602,17.789034841044902,1.0
1603,13.578522969038273,1.0
1604,17.062542105963335,1.0
1605,16.443692314693756,1.0
1606,16.639171183828562,1.0
1607,18.759143606988488,1.0
1608,16.762548902035675,1.0
1609,16.79308933460449,1.0
1610,16.286868962874404,1.0
1611,18.62951080840172,1.0
1612,15.509833419750896,1.0
1613,18.167516449867538,1.0
1614,15.154406585193016,1.0
1615,14.701392440518395,1.0
1616,18.56462293839466,1.0
1617,14.947445488688976,1.0
1618,15.859404008443164,1.0
1619,16.486408528576842,1.0
1620,17.605655001333364,1.0
1621,17.368075257223087,1.0
1622,17.302928174914054,1.0
1623,14.72687336985669,1.0
1624,15.772935680563275,1.0
1625,16.433134594340792,1.0
1626,15.600512080530738,1.0
1627,17.953758256950426,1.0
1628,16.958879852641207,1.0
1629,14.064423318282495,1.0
1630,18.29865355180525,1.0
1631,13.848000268673413,1.0
1632,19.28774132368853,1.0
1633,14.053953524830956,1.0
1634,15.231357107330695,1.0
1635,17.75687060420615,1.0
1636,18.302451478409658,1.0
1637,13.002737172212507,1.0
1638,15.510873014754084,1.0
1639,20.07609417437133,1.0
1640,17.63024750425306,1.0
1641,15.152062769426761,1.0
1642,16.276461706144204,1.0
1643,18.14025981935144,1.0
1644,16.468022187842635,1.0
1645,18.186801096780044,1.0
1646,16.65161830485795,1.0
1647,16.59306640933436,1.0
1648,15.990753152280003,1.0
1649,16.893642954996757,1.0
1650,14.822981434614197,1.0
1651,14.779977715493603,1.0
1652,16.678665042392943,1.0
1653,17.409828675046665,1.0
1654,17.22129705768989,1.0
1655,15.69427090715996,1.0
1656,21.020004154306342,1.0
1657,17.849285875887155,1.0
1658,17.344785627596078,1.0
1659,15.049648855714654,1.0
1660,15.798471284304398,1.0
1661,16.550010224733477,1.0
1662,15.412204760889674,1.0
1663,16.30197883857221,1.0
1664,16.153559392051726,1.0
1665,15.774296521352568,1.0
1666,18.308535598854256,1.0
1667,13.572190826536941,1.0
1668,17.447966892804423,1.0
1669,15.064956617234333,1.0
1670,13.768272293431046,1.0
1671,17.035096777217657,1.0
1672,16.06585759821919,1.0
1673,18.11607463609376,1.0
1674,16.58794285589722,1.0
1675,15.628926070831497,1.0
1676,14.423268577306857,1.0
1677,17.444534733266952,1.0
1678,17.224546167913658,1.0
1679,16.4804453989326,1.0
1680,16.6269618569691,1.0
1681,16.949316833656695,1.0
1682,15.573046118378507,1.0
1683,15.6405966618266,1.0
1684,16.415338193492595,1.0
1685,19.23224774506067,1.0
1686,17.742040472902776,1.0
1687,17.697931579138842,1.0
1688,15.674161556336133,1.0
1689,15.536717168094894,1.0
1690,12.81774829974784,1.0
1691,15.335128675141535,1.0
1692,20.21799721592005,1.0
1693,13.620590956807874,1.0
1694,15.882357751891906,1.0
1695,14.966501812646941,1.0
1696,16.15258053207123,1.0
1697,19.830731233837884,1.0
1698,14.52883634184664,1.0
1699,18.383826533007603,1.0
1700,14.826009687540799,1.0
1701,14.891491060418055,1.0
1702,13.019642097114236,1.0
1703,15.919474365715562,1.0
1704,17.842329770831068,1.0
1705,15.630747781254033,1.0
1706,18.177774164529936,1.0
1707,16.93001269194856,1.0
1708,15.558738403893248,1.0
1709,17.47259862235314,1.0
1710,17.15450960561718,1.0
1711,16.064343447090273,1.0
1712,15.562998060045606,1.0
1713,14.366351032141269,1.0
1714,16.29226276316238,1.0
1715,17.24161674409075,1.0
1716,16.04167282783601,1.0
1717,19.40192540709731,1.0
1718,16.673288253437637,1.0
1719,18.40105480778268,1.0
1720,17.06551854802197,1.0
1721,14.830696354219171,1.0
1722,16.084125881283416,1.0
1723,17.434583564065143,1.0
1724,15.23344239574893,1.0
1725,17.060665955886144,1.0
1726,15.172520482074894,1.0
1727,16.64209769828167,1.0
1728,16.11578637775388,1.0
1729,18.42864560432919,1.0
1730,13.312955779657583,1.0
1731,17.560644325287942,1.0
1732,16.37078601189397,1.0
1733,13.961426869066347,1.0
1734,15.60978914155633,1.0
1735,16.533407074301923,1.0
1736,16.627173497919145,1.0
1737,14.000029931718387,1.0
1738,15.467450751751132,1.0
1739,16.50252631922467,1.0
1740,15.758514668503635,1.0
1741,15.3111410261786,1.0
1742,17.106640281546223,1.0
1743,19.951692968724842,1.0
1744,16.945003125175152,1.0
1745,14.90426456960763,1.0
1746,17.315522633560565,1.0
1747,19.8818953434684,1.0
1748,15.66367178387853,1.0
1749,17.571277444471725,1.0
1750,17.566712649513345,1.0
1751,16.84509090527825,1.0
1752,16.35842512438783,1.0
1753,16.730059657124063,1.0
1754,18.412661216637957,1.0
1755,13.765110939180447,1.0
1756,18.04863534864377,1.0
1757,15.486903380976766,1.0
1758,16.45485954926182,1.0
1759,16.43269998234215,1.0
1760,17.9659990400141,1.0
1761,18.779205491622044,1.0
1762,18.27013874494148,1.0
1763,14.532060087809029,1.0
1764,17.65706943806539,1.0
1765,16.63199464611971,1.0
1766,19.183873250467727,1.0
1767,15.66543890103577,1.0
1768,17.45046772354343,1.0
1769,17.033605131616437,1.0
1770,17.012120415111276,1.0
1771,14.998868925943823,1.0
1772,14.127999107300946,1.0
1773,15.35960506068068,1.0
1774,14.645207834499383,1.0
1775,16.888602786380112,1.0
1776,16.784191212597065,1.0
1777,12.546110479460317,1.0
1778,17.449049271029004,1.0
1779,15.379041974419874,1.0
1780,16.58213403765908,1.0
1781,15.896813260410998,1.0
1782,16.075660574242,1.0
1783,17.99645653358864,1.0
1784,18.951081592816006,1.0
1785,16.343267270437817,1.0
1786,15.545797566833887,1.0
1787,19.470863506266575,1.0
1788,15.841720258701821,1.0
1789,15.895759554266608,1.0
1790,14.281423175474984,1.0
1791,15.453757192656926,1.0
1792,16.329740191150638,1.0
1793,19.919173935476998,1.0
1794,17.896484904898504,1.0
1795,17.27885165804966,1.0
1796,14.581099805721438,1.0
1797,17.213745727884643,1.0
1798,15.262883288358989,1.0
1799,16.6499962834082,1.0
1800,15.17744506666973,1.0
1801,18.310627217675563,1.0
1802,13.629621780494148,1.0
1803,16.669722284151153,1.0
1804,17.22286962199206,1.0
1805,14.505078066343657,1.0
1806,14.752696214526278,1.0
1807,14.584997839277555,1.0
1808,19.50843471562486,1.0
1809,14.699953758630848,1.0
1810,13.01859371059846,1.0
1811,15.63190290160021,1.0
1812,16.907382740971116,1.0
1813,17.501580839054704,1.0
1814,16.078483642077547,1.0
1815,15.928367981534837,1.0
1816,18.94886151788344,1.0
1817,17.464638735281667,1.0
1818,20.259817766409043,1.0
1819,16.040659429092766,1.0
1820,15.028112394581372,1.0
1821,17.63662995365746,1.0
1822,14.653896107346293,1.0
1823,17.032794777950805,1.0
1824,18.11084480522927,1.0
1825,14.475921451296463,1.0
1826,15.741163108257169,1.0
1827,15.269950859370448,1.0
1828,15.727293893239839,1.0
1829,15.791657819140012,1.0
1830,15.991211327564173,1.0
1831,14.572621014577265,1.0
1832,16.215389317379017,1.0
1833,13.529484360015054,1.0
1834,16.135273083225073,1.0
1835,15.03338189972383,1.0
1836,16.75332633189771,1.0
1837,17.907834227264722,1.0
1838,18.525411482787042,1.0
1839,18.331392930358263,1.0
1840,16.336749866133925,1.0
1841,18.266892890633322,1.0
1842,16.288669012769702,1.0
1843,17.216345732239375,1.0
1844,15.51379556522573,1.0
1845,14.892310624106827,1.0
1846,19.58961515027399,1.0
1847,15.782455691460513,1.0
1848,16.23344827460643,1.0
1849,15.918747536005547,1.0
1850,14.633030805406445,1.0
1851,13.451388445045959,1.0
1852,19.30357335326773,1.0
1853,14.955906848435195,1.0
1854,17.455183403387903,1.0
1855,15.845295121142598,1.0
1856,17.625514114523508,1.0
1857,14.953783154132609,1.0
1858,15.264647529387547,1.0
1859,17.437334141890613,1.0
1860,16.890219514056472,1.0
1861,16.384946092386706,1.0
1862,16.041673515041637,1.0
1863,19.005741346615082,1.0
1864,19.019724040443766,1.0
1865,18.538255739459064,1.0
1866,18.071451313008716,1.0
1867,17.224932552361217,1.0
1868,18.320440402445442,1.0
1869,14.334785627071064,1.0
1870,17.691795499295797,1.0
1871,16.639414848531676,1.0
1872,17.04609258171074,1.0
1873,16.06151331032534,1.0
1874,16.69336483714033,1.0
1875,17.878707375578195,1.0
1876,17.320596613532114,1.0
1877,16.84684130452052,1.0
1878,18.3977916256757,1.0
1879,18.949237662729644,1.0
1880,15.529269033276154,1.0
1881,17.86637192448065,1.0
1882,17.028036592936946,1.0
1883,14.744048973964397,1.0
1884,18.700986537704562,1.0
1885,13.772877998631756,1.0
1886,15.265821481198527,1.0
1887,15.849781970266944,1.0
1888,14.954071170741996,1.0
1889,17.698566020547858,1.0
1890,18.632831919914477,1.0
1891,16.368088587061415,1.0
1892,16.081236281349252,1.0
1893,17.10941998463794,1.0
1894,15.342244980216282,1.0
1895,16.584701871088463,1.0
1896,16.118962823909403,1.0
1897,15.989542854593017,1.0
1898,14.774905201835553,1.0
1899,17.1308333874554,1.0
1900,17.07087245329248,1.0
1901,18.10336039198866,1.0
1902,16.81780979019669,1.0
1903,16.92269420482821,1.0
1904,17.021178242874495,1.0
1905,16.406256578168144,1.0
1906,15.777936561286896,1.0
1907,16.641733851862654,1.0
1908,15.796984984490287,1.0
1909,15.864964043281692,1.0
1910,14.375932398692651,1.0
1911,15.742675542182285,1.0
1912,16.31216942002246,1.0
1913,16.477429753120983,1.0
1914,19.107978512020516,1.0
1915,16.139125976592922,1.0
1916,14.713233809616092,1.0
1917,15.96878849649704,1.0
1918,19.44000445164599,1.0
1919,17.769249566703813,1.0
1920,17.43149986973792,1.0
1921,18.234067521803258,1.0
1922,16.516784008734522,1.0
1923,15.71539718860062,1.0
1924,15.262887118036355,1.0
1925,17.65278982917352,1.0
1926,17.403061220098756,1.0
1927,17.42612540676535,1.0
1928,13.130490439549785,1.0
1929,15.64022260802396,1.0
1930,16.576475021130854,1.0
1931,15.435797353364663,1.0
1932,18.52334786319817,1.0
1933,17.39845504330217,1.0
1934,16.377620467746368,1.0
1935,16.42674157090544,1.0
1936,14.307706365662462,1.0
1937,18.394413712278933,1.0
1938,17.516885377219914,1.0
1939,14.152812521345236,1.0
1940,15.658787595497564,1.0
1941,15.11659144891226,1.0
1942,17.375678298752856,1.0
1943,19.347928967443554,1.0
1944,17.17247736595964,1.0
1945,18.649837426810112,1.0
1946,16.954276576721355,1.0
1947,17.611651503274125,1.0
1948,17.435384064282744,1.0
1949,16.667312509061343,1.0
1950,16.631319985230263,1.0
1951,17.774902093358953,1.0
1952,17.953167429768747,1.0
1953,14.27451306524075,1.0
1954,16.197857912689663,1.0
1955,13.698273220795668,1.0
1956,19.56196090796674,1.0
1957,15.6838507777416,1.0
1958,15.976609685127217,1.0
1959,15.846973115719685,1.0
1960,14.07185261073909,1.0
1961,16.957230547228352,1.0
1962,15.963135319624914,1.0
1963,16.451618738542333,1.0
1964,17.56593113805567,1.0
1965,16.08392959947517,1.0
1966,14.899119511727497,1.0
1967,17.11021171086878,1.0
1968,17.356943556445408,1.0
1969,18.30827719575535,1.0
1970,18.275567834717,1.0
1971,15.993964955816505,1.0
1972,17.544945223672368,1.0
1973,14.187466291198586,1.0
1974,13.401021694256285,1.0
1975,16.858958771114146,1.0
1976,17.388723572947324,1.0
1977,18.65616029468012,1.0
1978,15.955982335554745,1.0
1979,17.71439837852244,1.0
1980,15.85146403069802,1.0
1981,17.01889498942106,1.0
1982,16.746328296561682,1.0
1983,16.5852876445344,1.0
1984,18.13321846573162,1.0
1985,16.47495351836967,1.0
1986,15.31774218451647,1.0
1987,16.757340111109727,1.0
1988,15.41220025168449,1.0
1989,17.42601238958845,1.0
1990,17.21141490884377,1.0
1991,14.81251203946004,1.0
1992,17.386761286999004,1.0
1993,16.94674406956008,1.0
1994,15.46516111612549,1.0
1995,16.54175656250312,1.0
1996,16.842391539367966,1.0
1997,16.66846566492256,1.0
1998,18.078923137214346,1.0
1999,16.989646013435628,1.0
